Designator,Footprint,Quantity,Value,LCSC Part #
C1,C_Disc_D3.0mm_W2.0mm_P2.50mm,1,1800p,
"J1, J2, J3",SMA_Samtec_SMA-J-P-X-ST-EM1_EdgeMount,3,Conn_Coaxial,
"JP1, JP2",SolderJumper-2_P1.3mm_Open_RoundedPad1.0x1.5mm,2,Jumper_2_Open,
"JP3, JP4",SolderJumper-2_P1.3mm_Bridged_RoundedPad1.0x1.5mm,2,Jumper_2_Bridged,
L1,L_Axial_L6.6mm_D2.7mm_P2.54mm_Vertical_Vishay_IM-2,1,0.82u,
L2,L_Axial_L6.6mm_D2.7mm_P2.54mm_Vertical_Vishay_IM-2,1,2.2u,
L3,L_Axial_L6.6mm_D2.7mm_P2.54mm_Vertical_Vishay_IM-2,1,6.8u,
L4,L_Axial_L6.6mm_D2.7mm_P2.54mm_Vertical_Vishay_IM-2,1,22u,
L5,L_Axial_L6.6mm_D2.7mm_P2.54mm_Vertical_Vishay_IM-2,1,33u,
L6,L_Axial_L6.6mm_D2.7mm_P2.54mm_Vertical_Vishay_IM-2,1,68u,
L7,L_Axial_L6.6mm_D2.7mm_P2.54mm_Vertical_Vishay_IM-2,1,100u,
L8,L_Axial_L6.6mm_D2.7mm_P2.54mm_Vertical_Vishay_IM-2,1,330u,
SW1,IS-1245T-G,1,IS-1245T-G,
T1,Transformer_Toroid_Horizontal_D10.5mm_Amidon-T37,1,FT23-43,
U1,SR1712F-RorarySW-9oin,1,SR1712F-0109,
VC1,VariableCon-YK444CA-4CA,1,XK444CA-4CA,
