Designator,Footprint,Quantity,Value,LCSC Part #
BT1,Li-ion module,1,Li-ion_module,
"C1, C7, C8",C_Disc_D4.3mm_W1.9mm_P5.00mm,3,103,
"C10, C4, C5",C_Disc_D4.3mm_W1.9mm_P5.00mm,3,104,
C2,C_Disc_D4.3mm_W1.9mm_P5.00mm,1,5,
C3,C_Disc_D4.3mm_W1.9mm_P5.00mm,1,2,
"C6, C9",C_Disc_D4.3mm_W1.9mm_P5.00mm,2,101,
D1,D_DO-34_SOD68_P7.62mm_Horizontal,1,D,
"J1, J2",SMA_Samtec_SMA-J-P-X-ST-EM1_EdgeMount,2,Conn_Coaxial,
L1,L_Axial_L5.3mm_D2.2mm_P7.62mm_Horizontal_Vishay_IM-1,1,2.2u,
L2,L_Axial_L5.3mm_D2.2mm_P7.62mm_Horizontal_Vishay_IM-1,1,22u,
R1,R_Axial_DIN0204_L3.6mm_D1.6mm_P7.62mm_Horizontal,1,1k,
SW1,IS-1245T-G,1,IS-1245T-G,
U1,SOT-343_SC-70-4_Handsoldering,1,BGA420,
U2,SO-8_5.3x6.2mm_P1.27mm,1,SA612,
XO1,Oscillator_SMD_EuroQuartz_XO32-4Pin_3.2x2.5mm,1,100MHz,
